feature,type,rows,finite_count,missing_count,missing_fraction,nonfinite_nonmissing_count,unusable_fraction,unique_nonmissing,dominant_fraction_nonmissing,zero_fraction_finite,negative_fraction_finite,mean,std,median,iqr,mad_unscaled,skewness,excess_kurtosis,iqr_outlier_fraction,min,p01,p05,p25,p50,p75,p95,p99,max,source_dtype,flags
rank_pos,numerical,1000000,1000000.0,0,0.0,0.0,0.0,5,0.2,0.0,0.0,3.0,1.4142142694804065,3.0,2.0,1.0,0.0,-1.3000004999993997,0.0,1.0,1.0,1.0,2.0,3.0,4.0,5.0,5.0,5.0,int16,
apy,numerical,1000000,969905.0,30095,0.030095,0.0,0.030095,894234,5.155144060500771e-06,0.0,0.0,4.200645733366232,0.6500469642986242,4.200245380401611,0.8758680820465088,0.43795299530029297,-0.0011997666312639655,0.007852417953481794,0.007116160861115264,0.9966449737548828,2.686514778137207,3.1297269344329837,3.763657331466675,4.200245380401611,4.639525413513184,5.270159912109374,5.712424449920654,7.445629596710205,float32,
apy_rank_on_widget,numerical,1000000,1000000.0,0,0.0,0.0,0.0,6,0.473224,0.0,0.0,2.799752,0.8125376291061226,3.0,1.0,1.0,0.03643032153363542,-0.11475339153204445,0.013054,1.0,1.0,2.0,2.0,3.0,3.0,4.0,5.0,6.0,int16,
min_investment_amount,numerical,1000000,1000000.0,0,0.0,0.0,0.0,6,0.167121,0.166426,0.0,6913.796,8791.393783637988,1000.0,9500.0,1000.0,1.2579744672072461,0.12889145011148218,0.166413,0.0,0.0,0.0,500.0,1000.0,10000.0,25000.0,25000.0,25000.0,int32,
term_months,numerical,1000000,1000000.0,0,0.0,0.0,0.0,6,0.167218,0.0,0.0,23.516865,19.786839947066085,24.0,30.0,18.0,0.7546637297209493,-0.7298568493586801,0.0,3.0,3.0,3.0,6.0,24.0,36.0,60.0,60.0,60.0,int16,
mbt_star_rating,numerical,1000000,920157.0,79843,0.079843,0.0,0.079843,5,0.20028538608085358,0.0,0.0,3.0002510441152976,1.4135959443852177,3.0,2.0,1.0,3.393832373716004e-05,-1.299055180818824,0.0,1.0,1.0,1.0,2.0,3.0,4.0,5.0,5.0,5.0,float32,
assets_usd,numerical,1000000,1000000.0,0,0.0,0.0,0.0,1000000,1e-06,0.0,0.0,9714177330.848097,65877428618.50591,1317795117.2913074,4723914817.207684,1184490690.4373689,71.43841532533057,10214.974433561869,0.132673,42880.84926149986,12520204.913843274,49069989.907571204,342026674.290815,1317795117.2913074,5065941491.498499,35068794818.244965,136897374490.06023,13975433200038.65,float64,
trust_tier_1to5,numerical,1000000,1000000.0,0,0.0,0.0,0.0,5,0.200425,0.0,0.0,3.001071,1.4139667083283298,3.0,2.0,1.0,-4.695952527281716e-05,-1.2996482577706956,0.0,1.0,1.0,1.0,2.0,3.0,4.0,5.0,5.0,5.0,int8,
widget_pos,numerical,1000000,1000000.0,0,0.0,0.0,0.0,5,0.2,0.0,0.0,3.0,1.4142142694804065,3.0,2.0,1.0,0.0,-1.3000004999993997,0.0,1.0,1.0,1.0,2.0,3.0,4.0,5.0,5.0,5.0,int16,
